95024497	test	{"id":0,"time":"2015-07-13 09:00:00.000000000 +0900","name":"Vqjht6YEUBsMPXmoW1iOGFROZF27pBzz0TUkOKeDXEY","score":1370.0}
21536856	test	{"id":1,"time":"2015-07-13 09:00:00.000000000 +0900","name":"VmjbjAA0tOoSEPv_vKAGMtD_0aXZji0abGe7_VXHmUQ","score":3962.0}
83443236	test	{"id":2,"time":"2015-07-13 09:00:00.000000000 +0900","name":"C40P5H1WcBx-aWFDJCI8th6QPEI2DOUgupt_gB8UutE","score":7323.0}
93861404	test	{"id":3,"time":"2015-07-13 09:00:00.000000000 +0900","name":"Prr0_u_T1ts4myUofBorOJFpCYcOTLOmNBMuRmKIPJU","score":5905.0}
87679692	test	{"id":4,"time":"2015-07-13 09:00:00.000000000 +0900","name":"AEGIhHVW5cV6Xlb62uvx3TVl3kmh3Do8AvvtLDS7MDw","score":8378.0}
43930013	test	{"id":5,"time":"2015-07-13 09:00:00.000000000 +0900","name":"eupqWLrnCHr_1UaX4dUInLRxx5Q_cyQ4t0oSJBcw0MA","score":275.0}
43529094	test	{"id":6,"time":"2015-07-13 09:00:00.000000000 +0900","name":"BN8cQ47EXRb_oCGOoN96bhBldoiyoCp5O_vGHwg0XCg","score":9303.0}
85927476	test	{"id":7,"time":"2015-07-13 09:00:00.000000000 +0900","name":"RvV35-6jY6MC9_Wnm4nPsmyyfqcr-hlnBt88sXtn1nU","score":6130.0}
34592766	test	{"id":8,"time":"2015-07-13 09:00:00.000000000 +0900","name":"6OZiuPiJKjWNLMPgiEbJarB0F80lTPYkkePP8LMliv0","score":6652.0}
77628245	test	{"id":9,"time":"2015-07-13 09:00:00.000000000 +0900","name":"13CgEU_ApAMVE6Ll6Y-mSu-aubskNgHbynj2rj8f8oE","score":6822.0}
17385490	test	{"id":10,"time":"2015-07-13 09:00:00.000000000 +0900","name":"j1evoWRzKrJR0sfo014ZxhZtKigWDkRip5FwpAHAsmU","score":1311.0}
46045086	test	{"id":11,"time":"2015-07-13 09:00:00.000000000 +0900","name":"4vBBBcArfMGhediXV5Sn80hj4KkI4nUCllECNKxNgnI","score":4748.0}
7917166	test	{"id":12,"time":"2015-07-13 09:00:00.000000000 +0900","name":"6LSLQGjv46TWsvXrxYCfM5yIz4JGiGd1eEQI4TC-4yc","score":43.0}
80788469	test	{"id":13,"time":"2015-07-13 09:00:00.000000000 +0900","name":"bgLJeacIPOMH6sDb5tEmca1oYyaMdfqZomGEI2uby7k","score":1214.0}
84283020	test	{"id":14,"time":"2015-07-13 09:00:00.000000000 +0900","name":"bRHc-42RqKVv3ORxhVCA4T4dLEXyBzBCQoed8VOrDCo","score":7048.0}
66954504	test	{"id":15,"time":"2015-07-13 09:00:00.000000000 +0900","name":"ysiB3w-K5jb3FxpQY61OHYTlK9qklz3nW84RLvBnh9s","score":8795.0}
70412121	test	{"id":16,"time":"2015-07-13 09:00:00.000000000 +0900","name":"Rvn7-tMbQM3q0yWQD8AUdURhFB0ZkzLGdIiDg-AJokM","score":7838.0}
29260917	test	{"id":17,"time":"2015-07-13 09:00:00.000000000 +0900","name":"FDEI99QVJ8xRTOiQ-UDVlPMOBfuA0IwIAbJ872XnKOo","score":9507.0}
34106613	test	{"id":18,"time":"2015-07-13 09:00:00.000000000 +0900","name":"lZUazYHDEGbQbzN7vEFeLjmnzp1wsjR0D8r8f7Cs6x0","score":3378.0}
61586301	test	{"id":19,"time":"2015-07-13 09:00:00.000000000 +0900","name":"WmDFEQsDPSnVs8AiAdO3QJqlSFer1K0I8z7F0cl_WRk","score":1661.0}
74292399	test	{"id":20,"time":"2015-07-13 09:00:00.000000000 +0900","name":"OEDSi7YIj4OjMNqTw12EA04BNtNuVWva6YRhokxL4xQ","score":5934.0}
29455269	test	{"id":21,"time":"2015-07-13 09:00:00.000000000 +0900","name":"fXYhm19m2FsbWcRQGqJvVOSl2ZIRSNhWTfke-iG8e7Q","score":680.0}
68552693	test	{"id":22,"time":"2015-07-13 09:00:00.000000000 +0900","name":"LK59zfxizCwr5CI2Wu88B8gY8-G4OeyAXZobplwGzKk","score":8758.0}
80218988	test	{"id":23,"time":"2015-07-13 09:00:00.000000000 +0900","name":"8i5TVZorCp4YATsaxgybkdOHcmDywvb35Sf-Eb-sl9E","score":8392.0}
87402015	test	{"id":24,"time":"2015-07-13 09:00:00.000000000 +0900","name":"MrM9vy1U-9_OEYOQAxbshenvvUGdCZfqjx7l3KKBQ2I","score":8708.0}
73477282	test	{"id":25,"time":"2015-07-13 09:00:00.000000000 +0900","name":"miVWwEwur_7baTxIBHUT9y351AU3tnAcCXgBzvyUR5I","score":2843.0}
44314024	test	{"id":26,"time":"2015-07-13 09:00:00.000000000 +0900","name":"_vxViqC02KVb7RRBeDGYs9VZ52KB8QmvguzSXUYGfwI","score":6681.0}
92586952	test	{"id":27,"time":"2015-07-13 09:00:00.000000000 +0900","name":"Ui6BqkQDipo5kQEeVUuC2OFFIB1O4T8ALlM2GI_zvtk","score":7542.0}
25838059	test	{"id":28,"time":"2015-07-13 09:00:00.000000000 +0900","name":"OT3VLH-RdK0sIgQM3f6LIbBa_rt0YzCD5YOw4qpu6p8","score":5791.0}
904799	test	{"id":29,"time":"2015-07-13 09:00:00.000000000 +0900","name":"vassmNeEo_jbn88g7QP58mTxH-b1jhHfwFhy-FL6T8c","score":9613.0}
87377951	test	{"id":30,"time":"2015-07-13 09:00:00.000000000 +0900","name":"VjzTphngC6V5fphi9fkGeYGCPIQNpDajfkHxrJopF6k","score":3064.0}
79259096	test	{"id":31,"time":"2015-07-13 09:00:00.000000000 +0900","name":"aqw27tMVvSsLJ8EEY3hphHMb0BRLm-LZysjVV3aX7pQ","score":7862.0}
50809259	test	{"id":32,"time":"2015-07-13 09:00:00.000000000 +0900","name":"ZXepGbCv7Yw_ejNQyAPjrqG_VwNH_RZoG8lKODl-f9c","score":397.0}
96814644	test	{"id":33,"time":"2015-07-13 09:00:00.000000000 +0900","name":"-yRoubVSa0oPfg0E1Gh7zYBQfBO8dIxZvQH9c5OsZAU","score":5003.0}
49193586	test	{"id":34,"time":"2015-07-13 09:00:00.000000000 +0900","name":"UkhBEKU7G0rV58Urs6JTAgC0UF5Y2kP-dffmE6H4nGs","score":6514.0}
23443543	test	{"id":35,"time":"2015-07-13 09:00:00.000000000 +0900","name":"ktLO3RTpHLZon7AhE9XMwPPh0t_GiOpS8vwCCqoPPnk","score":8634.0}
31265187	test	{"id":36,"time":"2015-07-13 09:00:00.000000000 +0900","name":"3ktjc_W87j3S8qLOJ0CVEVSSpz_nUAEQVBsqOMabrp0","score":3679.0}
39255181	test	{"id":37,"time":"2015-07-13 09:00:00.000000000 +0900","name":"KscV-oPqhG_CZXYUgdCmekKdR9FIT5tSt7rd3wpQDcU","score":1013.0}
47320065	test	{"id":38,"time":"2015-07-13 09:00:00.000000000 +0900","name":"VFiC8YyBk6zZk5bpfZG8s1a3kYfMA1zvnbs6DDSplGY","score":1556.0}
98360325	test	{"id":39,"time":"2015-07-13 09:00:00.000000000 +0900","name":"s0bxCQyW048GkhEAoEzXYGcTV8BZo6MLnRhL62nepYk","score":2844.0}
54684326	test	{"id":40,"time":"2015-07-13 09:00:00.000000000 +0900","name":"aWbMyvSxxTqrVONKAeQVvqi_bGqROu9UeR5NqPPlI4A","score":8035.0}
89002146	test	{"id":41,"time":"2015-07-13 09:00:00.000000000 +0900","name":"qfjEvEY8XSgMEmc-vIZLinOeIdIz6xprQbsYAe0i2WU","score":3205.0}
92839026	test	{"id":42,"time":"2015-07-13 09:00:00.000000000 +0900","name":"NK2ddaghTrUTS6Y7U1e-l57922ccVOKnqlODcA6lyBQ","score":302.0}
31660947	test	{"id":43,"time":"2015-07-13 09:00:00.000000000 +0900","name":"JRQpF1luRmNk2stUaZzDQDj93hy4RSW_iWybVgsgzJA","score":6534.0}
35657054	test	{"id":44,"time":"2015-07-13 09:00:00.000000000 +0900","name":"lz7bs1xZi4qdWLE7fQwpykWDNgp_o9oUuCZXipSLSqw","score":9250.0}
53950704	test	{"id":45,"time":"2015-07-13 09:00:00.000000000 +0900","name":"TxcwVGwelHKJws_6Q0Nk6I4Eeo9sSThM7M9KorqIGhA","score":5549.0}
48068284	test	{"id":46,"time":"2015-07-13 09:00:00.000000000 +0900","name":"u_uy6k3TgUIp3NWMFJ8EOH1mKtFhozGBD208z9um88s","score":3624.0}
13293273	test	{"id":47,"time":"2015-07-13 09:00:00.000000000 +0900","name":"RaI9xr82f0D7Jjuc4QY8Rz-UlCg3V5tw7KgJtczEo44","score":5278.0}
36750323	test	{"id":48,"time":"2015-07-13 09:00:00.000000000 +0900","name":"u6Nqudxl6vrbKGemO8xXgYojhtBGK3SQkTRPSYcaZuI","score":9588.0}
37347522	test	{"id":49,"time":"2015-07-13 09:00:00.000000000 +0900","name":"r-IgfD4fE9TiQWarsVxO_4AdieYIUZ9cczPD44_snQ4","score":4795.0}
43807603	test	{"id":50,"time":"2015-07-13 09:00:00.000000000 +0900","name":"KIiUpd04d3zYDul1mFlcJ3934AYvA_YeXDYG089ub-M","score":4344.0}
53874382	test	{"id":51,"time":"2015-07-13 09:00:00.000000000 +0900","name":"zZs0iuqm7liPKKHHn8wz-kNvd2zLCqRdXAng4B3gL0A","score":2116.0}
92582390	test	{"id":52,"time":"2015-07-13 09:00:00.000000000 +0900","name":"Rg7T2IsH0-HIvhgq0mNRC-4q5JoZ5Rcjq4tP7dz_3Ew","score":5323.0}
33350577	test	{"id":53,"time":"2015-07-13 09:00:00.000000000 +0900","name":"uBNgdXPL6kZGXP-gTic2N-uDRCxAtmI-KixkJWgrObA","score":9.0}
10163272	test	{"id":54,"time":"2015-07-13 09:00:00.000000000 +0900","name":"fQ_TLG3oByt3sDqM3Kruo69fBd1qLMXbbg10myfFXkQ","score":2471.0}
59505249	test	{"id":55,"time":"2015-07-13 09:00:00.000000000 +0900","name":"0uNd4TrRpEA1lY_zWikyELZ3MmCTzON_5ftfi-45wic","score":9831.0}
2171532	test	{"id":56,"time":"2015-07-13 09:00:00.000000000 +0900","name":"Jfp4VCtsFElA6UzzZyPxOwegfGqsYwrimSFp59YshTs","score":3177.0}
28532717	test	{"id":57,"time":"2015-07-13 09:00:00.000000000 +0900","name":"KAHSwcCwblbPRysuImbzUxx0SLAMIMb6LmMAXJBjUww","score":1182.0}
83252106	test	{"id":58,"time":"2015-07-13 09:00:00.000000000 +0900","name":"wuyDbV5ljr5275eGWhAe8wkElCzd2d_gRW3SpBkLIyY","score":183.0}
56129276	test	{"id":59,"time":"2015-07-13 09:00:00.000000000 +0900","name":"R3KTTvKRvPn6vu4qtooBbqYmwdOCC9vjmcsnf_fyu5g","score":5001.0}
25476190	test	{"id":60,"time":"2015-07-13 09:00:00.000000000 +0900","name":"Pgsf32JIv2cUMdTE9Vydh2Y36B_Xi4T1ufIy7QiKFSU","score":6182.0}
10086292	test	{"id":61,"time":"2015-07-13 09:00:00.000000000 +0900","name":"EZmz-tWhPPAsXsDZms_HHsDLKBOuZisUDotr72xXQnI","score":5228.0}
92958351	test	{"id":62,"time":"2015-07-13 09:00:00.000000000 +0900","name":"mk4y32O73DU2z65dFuW1PvIokdB7bB7btUnCoDlSVxM","score":8094.0}
71066703	test	{"id":63,"time":"2015-07-13 09:00:00.000000000 +0900","name":"fs1HvYjpOvAHnT5W1rCPU9A3k8_Px2XwfprrLrkQibM","score":5849.0}
58804422	test	{"id":64,"time":"2015-07-13 09:00:00.000000000 +0900","name":"x8WAAde6AqG2YaOEIpCFMzItRrfUXqgc8bwcoWSiMEo","score":6076.0}
61810772	test	{"id":65,"time":"2015-07-13 09:00:00.000000000 +0900","name":"zuvlwNyn8AgPEvg6qIxzkUp_ClPkMn5A__YyksWbxTo","score":6439.0}
23624966	test	{"id":66,"time":"2015-07-13 09:00:00.000000000 +0900","name":"ZWWjbJAqVtZz3AzCpacgEabm7SMloLHPBTlS3NMk7GA","score":6531.0}
23830698	test	{"id":67,"time":"2015-07-13 09:00:00.000000000 +0900","name":"wdHfAVpHp9rFaGhZOC81AusTsZX0KHxTf5RkFBw6gpI","score":8088.0}
48382893	test	{"id":68,"time":"2015-07-13 09:00:00.000000000 +0900","name":"hw8HUkIQMSS-2gAT7rvA2kgdhXfhHlySxKtssINvcFc","score":7808.0}
81869916	test	{"id":69,"time":"2015-07-13 09:00:00.000000000 +0900","name":"x1_SLENL6-M1y0n5qmfBF1-GCslEHpVM4Fo1Rdz9Ofg","score":3617.0}
54865874	test	{"id":70,"time":"2015-07-13 09:00:00.000000000 +0900","name":"E2Uj3TGAwd_B3FOS6KQ1Gjyql2YpoNtbdzWBTUOWmxY","score":8401.0}
2706577	test	{"id":71,"time":"2015-07-13 09:00:00.000000000 +0900","name":"WkpwSIP4fA42gYd1H3ohw7EmtqdQSqh4ooA7aX8v_7o","score":1309.0}
68824332	test	{"id":72,"time":"2015-07-13 09:00:00.000000000 +0900","name":"xDdMCHpSKFSZWQBJJgNzNh1R4hXouCsUfKFZpio5cgY","score":7867.0}
38196520	test	{"id":73,"time":"2015-07-13 09:00:00.000000000 +0900","name":"l0QVMlih2NmGSajDXytku9Em9p61erNKe1LEyk1VZ-Q","score":7964.0}
66068409	test	{"id":74,"time":"2015-07-13 09:00:00.000000000 +0900","name":"R8G5juHaD9sit1oujjp4FoXzXJT7hdIjEY3Lhu-ep6o","score":5680.0}
3265908	test	{"id":75,"time":"2015-07-13 09:00:00.000000000 +0900","name":"Ckpy3y166odB33VVWb27XNG_Wi65_qyikeL7dGHceSE","score":8603.0}
60024471	test	{"id":76,"time":"2015-07-13 09:00:00.000000000 +0900","name":"elFu5tPgUNzhuyswgr3QS7TXR2fInI4PWVZIEffxq6c","score":4972.0}
1013139	test	{"id":77,"time":"2015-07-13 09:00:00.000000000 +0900","name":"kz663CgkMh9VfcJrfMZb735vJJWYUPAuaskNeg7xRDk","score":8396.0}
48594925	test	{"id":78,"time":"2015-07-13 09:00:00.000000000 +0900","name":"evuBVl0RR1XQfJHN4jxSBpLcKxjZ7RtpDGYrU2ONYZA","score":6433.0}
68884140	test	{"id":79,"time":"2015-07-13 09:00:00.000000000 +0900","name":"ZbIJwmWRWscOurtrCam-iLB2mIqREwQwGFRfVYzGxwk","score":2917.0}
54113578	test	{"id":80,"time":"2015-07-13 09:00:00.000000000 +0900","name":"mzCWiiJFzo1R_anxGFALosK0eKvGfv_RT7iRGZnL790","score":3162.0}
27951747	test	{"id":81,"time":"2015-07-13 09:00:00.000000000 +0900","name":"JyrXoXLq5RpRwwXNpiW1NFK6ZkVmS55hJsNBGsuY7xY","score":2385.0}
98213244	test	{"id":82,"time":"2015-07-13 09:00:00.000000000 +0900","name":"fO7A_MQGh3Zojp6HlVZayvJHLu_RQ082ix3Y6BlRCu0","score":5965.0}
93937693	test	{"id":83,"time":"2015-07-13 09:00:00.000000000 +0900","name":"ib-pOMBLU1sN5fyyJbAElIdWEJgkoqRcBuwo6CVVYsk","score":3265.0}
73117226	test	{"id":84,"time":"2015-07-13 09:00:00.000000000 +0900","name":"X_6Ren6P7TpqyiWViO72kEwIulMqbTU_v8eAGfEo8k0","score":8049.0}
56011746	test	{"id":85,"time":"2015-07-13 09:00:00.000000000 +0900","name":"hNI30i9IYx7EreMyG7rI56Y-ZtrRe4sBYjzKMnSrL5I","score":9222.0}
51446974	test	{"id":86,"time":"2015-07-13 09:00:00.000000000 +0900","name":"kzokOacUOXELAeIHfPbnl-Er8rnHYq2JnksqN1roOSQ","score":2972.0}
84108624	test	{"id":87,"time":"2015-07-13 09:00:00.000000000 +0900","name":"qKIfkhQObWMadIi5vshcDRv95je4TYcAPSYITfwVTRk","score":5390.0}
98806186	test	{"id":88,"time":"2015-07-13 09:00:00.000000000 +0900","name":"9xKf3bfWj8Gr1NNocYHZuL0kIkAVD750LCMYDZ-R1tA","score":4759.0}
17962381	test	{"id":89,"time":"2015-07-13 09:00:00.000000000 +0900","name":"ohbmpvNy7aaaIVZ74SlHSfm0ffdwV-AqJP1bfDSjNUU","score":2279.0}
87861036	test	{"id":90,"time":"2015-07-13 09:00:00.000000000 +0900","name":"l6lTsvxdlcTfcqx2c0lQSd9HejVQg40W25f0wGNQViY","score":9034.0}
25419399	test	{"id":91,"time":"2015-07-13 09:00:00.000000000 +0900","name":"XoALSEQg9ycuGqrEWHOb8vdrLbheZSgFO53Wr3mciXY","score":3945.0}
34699939	test	{"id":92,"time":"2015-07-13 09:00:00.000000000 +0900","name":"0hgDRI_mijs5w7rkiLIe__LEayOOLxL0qVT1IHa5QBw","score":8109.0}
1174807	test	{"id":93,"time":"2015-07-13 09:00:00.000000000 +0900","name":"KjCRAc-AVcS-R13toBUR6pK_7d9Y8Gl4TRdYYMaSirc","score":4774.0}
26292977	test	{"id":94,"time":"2015-07-13 09:00:00.000000000 +0900","name":"fyQVGlT8Bqmu_LiajPlgfbmavoNyAqXaBsBP_e4OnN8","score":7253.0}
48787571	test	{"id":95,"time":"2015-07-13 09:00:00.000000000 +0900","name":"FpBYRPWKu6DmLpx5tsB25URWfj3sNCbcydNAXULaiD8","score":3166.0}
80992619	test	{"id":96,"time":"2015-07-13 09:00:00.000000000 +0900","name":"9ikvnUqp1Rf2yVwLvs5bBvxQP-KyqxGi4gZRSZ8c1d4","score":3695.0}
55103533	test	{"id":97,"time":"2015-07-13 09:00:00.000000000 +0900","name":"RRNYDAzKaq4Trtt96Bxgk3N0fXLIV8hXoK0qQ7uw_Wc","score":5065.0}
30451450	test	
